Chemical_Composition,Viscosity,Color,Defective
0.6394267984578837,1.2250967970040025,DarkOliveGreen,1
0.24489185380347622,2.255841356726295,Bisque,0
0.6766994874229113,9.029616109343609,LightSalmon,0
0.5904925124490397,1.2860441153360522,LemonChiffon,0
0.21863797480360336,5.548197592930261,Ivory,0
0.561245062938613,7.444176516301631,DarkSlateGray,1
0.2204406220406967,6.303391154883179,DarkKhaki,0
0.7588073671297673,2.436933847392011,YellowGreen,1
0.3402505165179919,2.399315498306034,DarkCyan,1
0.10221027651984871,4.419345705736037,Peru,1
0.8474943663474598,6.43353428230202,BlanchedAlmond,0
0.7297317866938179,5.826052823092307,Black,1
0.07880019807845817,3.638604532663836,DarkGoldenRod,1
0.577352145256762,7.341146525934311,IndianRed,0
0.6612633185677101,7.957615067098227,Lavender,0
0.8553177210151469,8.798353000797427,Tan,1
0.2779736031100921,6.721159998379601,Bisque,1
0.1626540971560848,4.197436302047693,Gray,1
0.7018203134585513,7.151928989830005,YellowGreen,0
0.6091310056669882,2.540247833782873,PeachPuff,0
0.1634024937619284,4.415098975818831,Indigo,0
0.6846142509898746,8.585667281708286,RosyBrown,0
0.22904807196410437,1.2889021951363397,LightSeaGreen,1
0.40116478702232894,1.5956974469039251,AntiqueWhite,1
0.2126265440541406,5.493081335430496,DimGray,1
0.14287159044206266,2.256672875729557,Peru,1
0.7470138116522579,4.855904445651217,MediumSpringGreen,1
0.36199644371361095,9.975932001902448,LightSeaGreen,0
0.5095262936764645,1.818184709564145,DeepSkyBlue,0
0.8611029096666658,2.3755718741343497,IndianRed,0
0.7920793643629641,4.799439701197157,MediumSlateBlue,0
0.38476731167450007,6.362995855250153,DarkKhaki,1
0.529114345099137,9.739705398522563,DarkGoldenRod,0
0.6802834102565185,2.03096568685318,Olive,1
0.7685987326574459,4.061579257279407,DarkGray,1
0.434765250669105,5.083513356962858,MintCream,1
0.9718880988701143,7.857659791468581,MediumTurquoise,0
0.8705185698367669,3.686003123037696,LightGray,0
0.1528392685496348,7.862597200676362,Brown,0
0.598944584460229,5.397451372260531,Salmon,0
0.9290986162646171,8.908496900408657,WhiteSmoke,1
0.2394523103380588,3.1678443320250977,DarkRed,0
0.08565345206787878,5.373914169849524,OldLace,0
0.9779844936773342,5.794355525765641,Cyan,0
0.1283914644997628,5.277541402888581,LightYellow,0
0.2650566289400591,8.851897369767316,MistyRose,1
0.9643629060074552,9.360221437019591,GoldenRod,0
0.7129489728191218,4.590930699976862,CornflowerBlue,1
0.43810008391450406,5.658182569320315,Brown,0
0.24790561366600794,1.5762330669371043,Khaki,0
0.5883087184572333,3.071032593369193,LightSteelBlue,0
0.0071908389850935395,7.3705685189360866,Cyan,0
0.22894178381115438,9.148780117055152,Lavender,1
0.07085734988865344,3.142041709320957,DarkGreen,1
0.2142368073704386,2.190806638525225,Olive,1
0.2429972423957245,5.256756486501343,LightSeaGreen,1
0.1904099143618777,1.87237732805941,SaddleBrown,1
0.3542975665895538,4.6999204844476425,Moccasin,0
0.6733645472933015,9.857486902293696,DodgerBlue,0
0.06061267407701365,7.553922295970644,NavajoWhite,0
0.24865633392028563,2.7118801759673037,MidnightBlue,1
0.14018229709477448,2.6513923220850995,HoneyDew,1
0.2498064478821005,9.309390393484115,LightGreen,1
0.8080222447317026,8.703702032215354,Cornsilk,0
0.05058832952488124,9.99354221571454,FloralWhite,0
0.9689962572847513,9.337302847073149,White,0
0.16631111060391401,5.370770129056466,LemonChiffon,0
0.8646503940302155,9.121985789594937,DodgerBlue,0
0.3789731189769161,9.867779594017534,SandyBrown,1
0.9265180735593334,8.066164211147093,Olive,1
0.4230074859901629,9.615858767737059,LightPink,1
0.15479682527406413,3.670370429451078,Indigo,0
0.5791802908162562,5.879756812368468,MediumOrchid,1
0.05716527290748308,6.257598350130741,Chartreuse,0
0.056879579728684515,5.570456472940767,Khaki,0
0.06852133270379235,1.6116477703818153,BlanchedAlmond,0
0.40377555131827747,9.474365145061805,Maroon,0
0.5789190575072106,1.3576749606015794,PaleGoldenRod,0
0.4192249153358725,6.2530506036210225,LightGreen,1
0.9347062577364272,2.8383327948118278,Coral,1
0.23868595261584602,4.56207262112129,HotPink,1
0.457224572570452,9.361164985349628,Maroon,0
0.009315456884246398,6.590433299437835,HotPink,0
0.073260721099633,2.9183888104033637,SpringGreen,1
0.1324565703664673,4.141079514680635,Orchid,0
0.8792702424845428,4.325743798649956,Salmon,0
0.43818457300770985,5.888961660354282,DarkTurquoise,1
0.6116777657259501,9.885097572683538,LightGray,0
0.6678632037125836,5.9914205424071,DarkSlateGray,0
0.9389300039271039,2.2086200295403096,LightBlue,0
0.8897127070057091,7.681750155828988,WhiteSmoke,0
0.2723482123148163,6.443468443272016,LightGray,1
0.20359731232745293,6.708141629965717,Pink,1
0.5054090580979872,3.260091268629047,PaleGoldenRod,0
0.09229846771273342,4.812181953073537,MistyRose,1
0.04408676179905002,4.0020088474457935,Indigo,0
0.6371133773013796,3.357597361909134,DarkSlateGray,1
0.5516804211263913,4.849182270826114,Teal,0
0.111873880589335,9.505458451419752,Snow,0
0.5455902892055223,8.51135517897415,DarkGoldenRod,0
0.42978671288077175,1.3764597235197207,BurlyWood,1
0.89898148874259,8.165100743992376,DarkOliveGreen,0
0.8989246365264746,2.8906888450577863,DeepSkyBlue,0
0.666933410635543,4.183107711531565,DimGray,1
0.973837022637289,7.745298500291853,Peru,0
0.864605696219964,9.785854296378666,Coral,0
0.8814162046633244,1.2230772570836985,OliveDrab,1
0.7823864961476317,4.705418498963983,Olive,0
0.26680570959447203,8.08637058221924,SeaGreen,0
0.3825417225969343,1.348521468992078,Wheat,1
0.22243371754566443,8.34927945037236,LightCoral,1
0.34965842444591866,8.384827428744059,Aqua,0
0.22292354720580898,6.940298644737661,DarkOrange,1
0.3282619511977065,8.779176478272577,WhiteSmoke,1
0.3511461290827522,5.584651079752336,LightGreen,1
0.9392371403247157,2.0380757666628484,MediumSpringGreen,1
0.17856781617246364,9.662808841854,DarkOliveGreen,1
0.03825719735326272,6.369141294889702,LightYellow,1
0.7285450606527043,3.823095827754921,PowderBlue,0
0.38519543334472717,6.189292391469396,DimGray,1
0.04438653371323109,4.92451763909475,SaddleBrown,0
0.3642214717812642,1.6297643001367916,AliceBlue,1
0.6231554099464092,6.970487286389899,LightGray,0
0.7197542630139502,3.7029004139013777,SteelBlue,1
0.6668929041057297,3.935646143716599,Fuchsia,1
0.5544124776667937,2.7265608369113274,Tan,1
0.6773179452727329,9.125249911593244,DarkMagenta,1
0.40607516875816285,8.503526523736518,Lime,1
0.2869137168689272,4.868993349908512,Tan,1
0.4649881902470142,4.979438193743267,Gray,0
0.5111739968745871,8.143618591954018,DeepSkyBlue,0
0.6588507449984218,3.554077644937247,Navy,1
0.09338720007556267,9.567996962072277,DodgerBlue,0
0.672795670557167,3.0217659939755945,Yellow,0
0.14735396224577268,1.4159234628348258,Wheat,1
0.6112739730606801,7.916404051001772,AliceBlue,1
0.41444101099771935,6.667888426639424,MediumBlue,0
0.7183459154989886,4.455806206534762,SlateGray,1
0.24398443957843885,6.904522100006057,Azure,0
0.8926598262113665,8.743965088802693,DarkOliveGreen,0
0.778420406767325,2.969570231310875,MistyRose,1
0.05021838514064092,3.2427845169397447,Linen,0
0.45646182547017256,8.21274941550038,LawnGreen,1
0.9500396084431559,9.022833332293933,Chartreuse,1
0.830569169721415,5.930847555497455,LawnGreen,0
0.7436554421595849,5.27206993140748,Cyan,1
0.7517767865005115,8.558765990577287,DarkBlue,1
0.7658136842971655,5.691698315451839,SlateBlue,0
0.2745974469175383,1.6973501847826222,CornflowerBlue,1
0.23449357801463533,4.022627829591825,White,0
0.13837406151615572,3.081353317553681,DarkSalmon,0
0.7064191416945522,1.5780596564249025,DarkSalmon,1
0.33088139103808356,5.193318730160356,Sienna,0
0.20683438951441024,4.78129165996083,FireBrick,0
0.8567320323039342,7.890351185062626,LightGray,1
0.47697973255735693,9.484674916906872,Wheat,1
0.7534751250593859,8.68103155512194,Peru,1
0.5382205676102315,7.61170654680722,HotPink,0
0.4882294775502505,3.456417805869309,Yellow,1
0.02902481994671524,4.0251658932854415,Green,1
0.7241813776272887,8.564550967563028,Magenta,0
0.9807219775189232,5.807112665792539,PaleGoldenRod,1
0.5918927756279109,6.966997811525451,Navy,0
0.6427496480093358,2.221295385075078,Purple,1
0.18172902651343215,3.3414068252737423,Tomato,1
0.21166028421148153,3.941612243931777,RoyalBlue,1
0.278256615638806,9.560837078745056,DarkOrchid,1
0.2522715317823806,1.7371560948547828,LightBlue,0
0.7490242610828507,1.4687704741892993,Ivory,1
0.22422216571974818,1.6175653340749248,Coral,0
0.7542332040595262,9.5465055944439,MediumSlateBlue,0
0.8392288462845982,6.592020909275421,Beige,0
0.12622097487420625,7.025129601579196,Khaki,0
0.46503398343522073,3.3061932690596794,Indigo,1
0.16778914336780226,6.465227445018385,AntiqueWhite,0
0.7777918861754326,2.4738922915047925,Cornsilk,1
0.10809874965760657,1.2311058294771942,Chocolate,1
0.5757967284124141,9.172235359427,Khaki,1
0.3966544415166273,7.435132345445216,CornflowerBlue,0
0.5920978612498522,8.475144704022865,BlanchedAlmond,0
0.10190130544597653,7.952327964561016,MediumPurple,0
0.796227216600212,6.093392998305843,Cornsilk,0
0.347203765308449,4.8554021191127,Thistle,1
0.06895673651964052,6.827889286511246,LavenderBlush,0
0.8495756269995773,8.400978262810522,LightSeaGreen,0
0.43352340132584843,4.2596923464556475,SlateBlue,1
0.7073086437060769,4.9193843050690935,HotPink,1
0.615912354053551,9.276558912124903,Yellow,1
0.4648737716345078,8.4316113857868,DarkSeaGreen,1
0.3223045829811182,3.209456521843218,Sienna,0
0.27892824919247017,5.0572180017439345,LemonChiffon,1
0.5698496446783222,7.013696234009442,Sienna,1
0.02869999777008958,8.658575526812132,PaleTurquoise,0
0.48754993239134437,4.1934246955848575,Gold,1
0.34033884316428364,8.922879817824029,DarkGray,1
0.5557910279195838,5.649645265434407,DarkGray,0
0.08561296195802126,7.4806719769377485,Plum,1
0.5551762115818608,3.16291542511794,MidnightBlue,1
0.6459028997409523,5.417392015707275,Peru,0
0.09305335055467168,2.9943676042527714,PaleVioletRed,0
0.3062060301300884,6.234000267991305,SeaGreen,1
0.5534729550102496,4.093816547315823,CadetBlue,1
0.3518105276141683,5.083707365678607,DarkGreen,1
0.2514036762009415,2.0859029627707524,Chocolate,0
0.3155479440059865,7.685929572751936,PaleGreen,0
0.19154097301054474,7.647441881580556,MediumSlateBlue,1
0.7245850010930516,9.789463205947511,DarkMagenta,1
0.9805106304625131,8.493655269943611,LightBlue,1
0.2274831634825547,2.6149738931686297,GoldenRod,0
0.7080184857110313,2.1392466386318345,Gold,0
0.9742949311027379,5.980230701187475,WhiteSmoke,0
0.6378696551059275,7.775129582121284,RosyBrown,0
0.8727197349985346,6.16657797663699,DarkSlateGray,1
0.478714208606398,4.066353393042631,Peru,0
0.2524783904929726,8.755506681647619,Gainsboro,0
0.8221156452994304,4.606366980267458,LightSeaGreen,0
0.5770211564708181,7.17805916430415,SandyBrown,0
0.14919758447365516,6.065556373761078,LightBlue,1
0.08518090839623005,3.233718596891045,Crimson,1
0.6063176512429628,8.116667468590775,Red,0
0.7756935396982173,4.423402235318944,DarkGreen,1
0.2973531325173874,6.296726248489926,BurlyWood,1
0.3053802443193604,6.589245889649336,Yellow,0
0.947590200325378,2.870091152411962,Aquamarine,0
0.2646461252900074,1.7306871892028588,DarkGoldenRod,0
0.17381354832643447,1.6755838201105113,LavenderBlush,0
0.40851757266002664,7.20434022206292,FireBrick,1
0.2912592890310276,3.0832861110042327,PaleTurquoise,1
0.7029875580937172,5.086281937663389,SlateBlue,0
0.9239110444825487,8.090452239820582,SkyBlue,0
0.42513896610421165,5.901061408395208,HotPink,0
0.9084114452126061,8.439680436850537,PaleGoldenRod,0
0.05963803951384705,8.133657096091705,Chocolate,1
0.4391534486737374,5.218281732485457,FireBrick,1
0.6997336849757173,9.484086166696367,Olive,1
0.437758863571598,6.382329958369932,AliceBlue,1
0.7345339232856153,6.4334227685131955,Orange,0
0.0913268866309852,9.65719991973553,LightGray,0
0.9995724168774514,7.0505342587291535,SaddleBrown,1
0.5762469846027468,7.867981037545349,LightSlateGray,0
0.47050082325163356,6.863585404903177,Peru,1
0.18148914722312592,6.267966627500689,SlateBlue,1
0.9690552360657037,5.230093554643165,DeepSkyBlue,1
0.333308393665092,7.031201585690669,Gold,0
0.3298036635789654,7.243063065850892,LightYellow,1
0.6625835369914288,4.604070293322907,IndianRed,0
0.45482590860172945,3.8306544145315113,Chartreuse,1
0.11592160143095787,7.95293133435827,Yellow,0
0.657660386483129,5.883342349214755,Chocolate,1
0.054204085376728606,5.665954532146559,Maroon,1
0.625408742145009,7.839914824549153,Chartreuse,0
0.26705623827293246,2.1791190605540187,BurlyWood,1
0.43811609507237825,7.28425026209955,Silver,0
0.02886944244166323,6.670200493036545,SteelBlue,0
0.7097828251002591,3.796751245540016,Wheat,0
0.552251409053733,1.8388828115337028,DimGray,0
0.4614478941787834,2.057195341806018,Chartreuse,0
0.49837550470719527,7.44942993392612,Teal,1
0.41549034293535303,5.342496192620707,Cyan,1
0.24373090607513836,5.961385691924227,GhostWhite,1
0.19061037094792832,6.3943983880741,CornflowerBlue,0
0.8640269344285881,3.486226625398369,CornflowerBlue,1
0.3398752431142955,8.089456651878647,LavenderBlush,1
0.8205494731855784,3.5455508495454398,PaleGreen,1
0.8374759226064213,6.219310454950637,DarkOrchid,1
0.8652605947002426,5.01892653738875,LightBlue,1
0.34512394169300753,5.967256753637299,BlueViolet,1
0.4553446168665011,3.8959961520613366,Cyan,0
0.9807746313325943,3.1492498974962437,PeachPuff,1
0.2335624460578931,7.979900275893329,Turquoise,0
0.31817632723379985,5.256786252163729,Maroon,1
0.38607875249098234,6.973199465360812,LightGoldenRodYellow,0
0.49532864961642353,1.3331765021101858,GreenYellow,1
0.8697003133622154,8.867713366488776,Maroon,1
0.09971169774197841,9.193975099268203,LawnGreen,0
0.7224438275706426,4.689807577717279,LightGray,0
0.07482824824370882,8.033727621457224,Orchid,1
0.3385612340514317,7.234341387281939,DarkSeaGreen,0
0.8517652923506914,8.671072029093038,Lime,1
0.9541395926226761,6.64119261107189,Salmon,1
0.8723830173985363,1.3230918985391793,Maroon,0
0.23477024310202155,7.15959616965325,Cornsilk,1
0.9974259229562153,7.720897300641343,Aqua,1
0.9783377282205457,7.843327236948388,Salmon,0
0.4436785516617058,7.246010465139111,DarkGreen,0
0.04599096867721275,8.165291186459907,Cornsilk,1
0.3584633423003635,4.8761810906986005,WhiteSmoke,0
0.53116631814876,6.093352557243431,HotPink,0
0.16998364906809738,1.7107151559399516,Tan,1
0.6197103685374153,3.1674681267068174,LightGray,0
0.23218844429515229,6.741141679032117,DarkSeaGreen,1
0.25532670815915404,1.0845768830938394,MediumVioletRed,1
0.901209423598883,7.098497971291716,CornflowerBlue,0
0.07386190028287298,9.507120714411814,LemonChiffon,1
0.6389387023600122,4.818780446148079,NavajoWhite,1
0.4568358126677865,3.7190950348448224,LightSkyBlue,1
0.8533354586601858,1.9598794068012482,DimGray,1
0.5719226923507389,6.173307371607805,Purple,1
0.021939597859565008,8.470338053435597,YellowGreen,1
0.27448038017822773,6.0933611526012905,LimeGreen,0
0.9106169537187105,7.7065493872057305,Wheat,1
0.7757409796033808,3.0710655187337466,Aqua,1
0.21900453892810545,2.7111879034937947,Lime,1
0.6777644586233594,7.48835539003638,DarkKhaki,0
0.6282481036868983,9.130633336656711,DarkSlateBlue,0
0.3089328839526361,4.967408711465304,LightGray,1
0.7323597679392383,1.8112003817159703,DarkOrange,1
0.3267191257140104,4.7395278407689965,DarkMagenta,0
0.13215979774678355,5.854669830859789,DeepSkyBlue,1
0.530852373702785,9.221382770335271,LightPink,0
0.2569700845632623,8.422208312881665,LightSkyBlue,1
0.9673840761668122,3.6562730425524266,HoneyDew,1
0.8042325386045106,5.2149824996742575,MediumSpringGreen,0
0.14075701500588267,9.698501885164768,GreenYellow,1
0.9672697473000323,8.241288796185056,LightGray,1
0.0903028755685833,4.551171042958408,Tan,1
0.5365723082690591,5.0930742496048715,SlateGray,1
0.584560091652166,8.401755711040968,LightCoral,1
0.10834610219923069,3.1043971199042484,CadetBlue,0
0.6195468670445295,9.488522224520642,DarkGoldenRod,1
0.9152559087431594,2.9923048006659103,Peru,0
0.6354039223779391,5.178407826904123,LightSalmon,1
0.6492394462845911,2.05008343054349,Brown,0
0.9462615328819463,3.7392812592040467,AliceBlue,1
0.1161204807251095,3.1132002918819617,MediumSeaGreen,0
0.3886458311501425,4.339103639381944,DarkSeaGreen,1
0.5873403455486075,7.539392355015174,LightGray,1
0.654921897493464,8.503237749666894,DodgerBlue,1
0.9390530657136553,3.5176612607720976,Red,1
0.21726968469756158,5.002262738011751,Pink,0
0.8554501933059546,1.8941916214551728,Aqua,1
0.5444658614821449,9.800582765068421,DarkOliveGreen,1
0.060550089166608756,3.4829329677542815,Crimson,0
0.9490107882621376,8.417719737384143,DeepPink,0
0.662768738061978,6.775340205098958,YellowGreen,0
0.050578510662873,4.001582407892644,Blue,0
0.7869780999763158,2.8468501762858875,NavajoWhite,0
0.5863830835815619,8.31747683008953,DarkViolet,0
0.3285595534322304,2.327987619472993,Plum,0
0.27727484597568297,9.856253186629651,DarkSalmon,0
0.5402154568631514,8.186624412018613,BlueViolet,0
0.6610576425973168,1.2320213480757851,Linen,0
0.35824227921653284,8.095883810083452,Moccasin,1
0.015781083511160254,3.3883075749247604,BlueViolet,0
0.7417180569541495,5.734769739380804,MintCream,0
0.47624596542325026,8.002153353827826,HoneyDew,0
0.4520054199087522,2.993947807764565,LightBlue,0
0.7272429971637352,9.178765191158861,DarkKhaki,1
0.45804252209768204,9.676235648098258,MidnightBlue,0
0.9985867550893269,8.625686888505186,PaleTurquoise,1
0.6860974960622327,5.412419687298027,DeepSkyBlue,1
0.0734907157664505,1.7271142966971273,LavenderBlush,0
0.06568223332011391,3.4751439960215786,DodgerBlue,1
0.3809043988185208,6.37652669679382,Fuchsia,1
0.4537154175754716,6.448841123817816,PaleVioletRed,0
0.7930960931016461,2.0297266518707167,Bisque,0
0.43006994166638635,8.992819197896438,Fuchsia,1
0.3389316188351752,5.081490126167026,MediumSeaGreen,1
0.7296125076345044,3.812935149974197,PaleVioletRed,1
0.6651078630603089,4.368709210919832,LightBlue,0
0.6868210354669767,5.268410970301924,LightGreen,0
0.8317718884748545,1.8390709153330966,DimGray,0
0.744588969191879,4.353821734383132,DarkMagenta,0
0.5563707356153501,6.278185744655293,Olive,1
0.6700132647322958,4.697277696299423,Blue,1
0.8680921488690649,7.489546108715345,SeaShell,1
0.600410091224677,4.16481567123834,Indigo,0
0.15473017585826143,5.339704565839497,Green,0
0.35011399422119116,6.006389284938942,Salmon,0
0.7626056319368497,6.166900038983164,MediumVioletRed,1
0.8451551613283581,9.770919419131374,Linen,0
0.6089949155530653,6.920481051989995,Khaki,1
0.028953181061268318,3.459433498414523,Ivory,1
0.9215375210331727,4.159210786632836,Bisque,0
0.8698627065364382,6.096889852852386,GoldenRod,1
0.06958542124833644,7.6687215320657796,PaleGoldenRod,0
0.09175768305444532,5.774344197930365,MediumPurple,1
0.41983249376450316,4.068063835923995,LightSeaGreen,1
0.3116373697042164,3.919446028705839,CornflowerBlue,0
0.8833421845183433,2.4002191306403953,LightSeaGreen,0
0.673968710613113,3.4489255919159705,MediumVioletRed,1
0.48566170489099625,4.978397680280012,Teal,1
0.21556896533774683,5.611116752209942,PaleGoldenRod,1
0.42991363339789035,3.549218230724044,WhiteSmoke,1
0.5269341071481448,3.775774526661308,MediumPurple,0
0.39526339608762895,6.3939246125000535,Black,0
0.20442312435373178,9.507916785039797,DarkOrange,0
0.7641608957612477,3.6050241809569386,LightGoldenRodYellow,0
0.0077299065693119395,7.72312711086791,Fuchsia,0
0.12918570175921495,5.7932411308068135,LightGray,0
0.5002623465562132,8.500187821778905,Blue,1
0.07207549659215784,8.755879258203297,DarkMagenta,0
0.43621959551231215,5.137788253206475,PowderBlue,0
0.8621100136120664,6.18183244663148,MediumTurquoise,1
0.7094989615689342,4.7592456385913255,Maroon,0
0.4050323070649545,9.695797219298136,PowderBlue,0
0.8013221543104522,6.563127369738162,Teal,1
0.08812988129788468,8.600359238332272,DarkOrange,0
0.43567652694040004,4.604048346844785,OliveDrab,0
0.39576669685933297,3.7924710565227517,Gold,1
0.22157205889425136,8.012060817429381,LightCyan,0
0.5104832845421483,2.026239758546973,Brown,0
0.9059227315800504,4.144377389251423,PowderBlue,0
0.23626884894672429,2.3179979644992494,AliceBlue,0
0.1734990224420948,2.3758281010533686,Turquoise,0
0.17714612894722914,7.955632803228042,WhiteSmoke,1
0.46395306851301954,6.073619349590647,Gray,1
0.6811334783148337,8.938433409336403,Moccasin,1
0.8642468748314162,6.644956662097946,Plum,0
0.439762816341864,5.22028975173736,CornflowerBlue,1
0.7963296791514282,6.322777811479189,MediumPurple,1
0.5073368852897782,3.7936706554567983,Maroon,1
0.037607245571092074,4.318638395408315,DarkRed,1
0.076731001173455,8.778250305327152,Lime,0
0.6150083884155736,5.563610356005596,Tan,1
0.5803294074111905,9.58808329050511,Magenta,0
0.44973370365090626,8.28834325928174,PaleTurquoise,0
0.32152676288042836,5.280661251487626,MediumOrchid,0
0.957722358866585,5.054707981135822,PaleGreen,1
0.9823855810933974,1.7589621882210744,LightYellow,0
0.03914212620067381,7.368595338909509,DarkSalmon,1
0.5240685531701745,6.48824865690407,GoldenRod,1
0.3728519821013271,3.546042207529761,PeachPuff,1
0.7744647885737355,7.11007948503623,Olive,0
0.7892269315636647,6.825748212723762,ForestGreen,0
0.32969075511772883,6.02166891176562,LimeGreen,1
0.2841469738781137,7.5136028950221565,PaleGreen,0
0.3333620360605566,6.244655631277777,AliceBlue,0
0.9167464550571202,3.792085637966309,LimeGreen,1
0.1289516582715602,7.379506129339485,LightSlateGray,0
0.30958188741596093,4.390113754506702,HoneyDew,1
0.813184783814801,7.031047599952503,Plum,0
0.6460248207334879,4.810657296898933,MediumBlue,1
0.01823053779153272,3.779794630574928,SeaGreen,0
0.34173234513154815,7.895405869010376,Red,0
0.22654304653388724,2.2380881785937135,Red,0
0.2957921016546218,8.093081563042603,HotPink,0
0.6619292373714176,8.887534952884677,Teal,0
0.5972464410716285,2.3882748518900936,Sienna,0
0.8313450566891255,7.939880323578896,FloralWhite,0
0.721182997805427,1.393231851590629,DarkBlue,1
0.6763629221885329,3.1377718130223253,LightSkyBlue,1
0.6105954221258157,7.771520486003373,Thistle,1
0.23400294433542446,3.1525164752096755,MediumSeaGreen,1
0.9039743381374582,2.7461455860031285,DarkGoldenRod,1
0.4616799784409892,3.535945594333979,LavenderBlush,1
0.5029066914875789,4.7679474405677125,Magenta,0
0.8168912395812401,8.211333017363929,Ivory,0
0.8730019200593472,1.4696182293490412,Gray,1
0.874116945052237,5.990866708819881,DarkViolet,0
0.7114009771190007,5.643184487972366,Bisque,0
0.28506301405932843,7.8680514726252175,Brown,1
0.44931922037382577,5.620174641356899,LemonChiffon,1
0.09171356965909339,9.194544583546683,Sienna,1
0.8846297737180074,9.374247344136474,Cornsilk,1
0.05325688717107446,5.518064032239119,SaddleBrown,0
0.386166118044595,1.7344489348993748,PapayaWhip,0
0.02818754552815006,9.377433142749577,GoldenRod,1
0.791380637482176,2.238396289532845,OliveDrab,1
0.9173961716127513,5.252094397430478,Snow,0
0.7588411547656072,5.221991144399444,PaleGoldenRod,0
0.9058574891032708,1.1710349641987334,LemonChiffon,0
0.834963099282381,5.939238208994519,DarkViolet,1
0.11118686032423841,3.5929142023530747,AntiqueWhite,1
0.12184834515861753,3.145955531138404,DarkMagenta,1
0.06280715101106382,8.530189485448016,Peru,1
0.596739042818947,1.1479181698530498,Indigo,0
0.7185443277923527,3.621447889977321,Fuchsia,0
0.6148095827759507,3.1650781492588917,Tomato,1
0.18731391179838253,7.013934126276713,SandyBrown,1
0.06767932290884604,5.7345350078995345,BurlyWood,0
0.3904537325600641,5.231215703426374,LightBlue,1
0.9810394225515603,3.2828523496229147,DarkRed,0
0.3570938765147329,1.6080360196770904,SaddleBrown,0
0.7329410214506417,6.654312662280908,DarkSlateBlue,1
0.13340958985936402,4.170691415027705,SandyBrown,1
0.8135088655560881,2.575802143465376,Wheat,1
0.9808191857888493,5.306780544561316,MediumAquaMarine,0
0.8114976818476064,1.5679048332900216,Red,1
0.03698379019977571,2.814318935530308,Tan,0
0.8857903856181051,3.8403623804475275,Pink,1
0.5153835892544988,9.90210432066511,RosyBrown,1
0.2533137652026174,7.779618269369784,DimGray,0
0.28611089555154867,8.759246774223254,Sienna,0
0.8657982770780576,3.987322177432101,RoyalBlue,0
0.7993424115182397,4.932562448124427,LightGoldenRodYellow,1
0.7433077055196212,9.051737454595479,LightBlue,1
0.3390366284081606,2.6813549583094485,LightSalmon,1
0.36734692695968196,8.175617923389991,Turquoise,1
0.8011480874017738,7.543731919083721,SlateBlue,0
0.4306071520034469,9.95588348359668,LawnGreen,0
0.545474397344637,3.890902853931346,LightSalmon,0
0.3279199053415598,3.660759544063081,Purple,1
0.6026216277305998,4.835044655947408,Crimson,1
0.3515469837719921,1.3811964656511657,LightSlateGray,1
0.6148514821987643,4.91446453683822,LavenderBlush,0
0.07504116498815927,6.7376128409496845,LightPink,1
0.5130860194645521,7.749081858357008,MediumSeaGreen,0
0.9527893962796078,2.2850152152629475,MediumAquaMarine,1
0.034798965798542025,1.6051002675589792,Yellow,1
0.3621505825434207,9.545204006919278,Cyan,0
0.6050948288547855,7.1115585122205545,DarkSlateGray,1
0.3720133784706837,7.867760246187216,DeepPink,0
0.5294598815362896,4.5823064135720495,Lavender,1
0.24961165309339794,2.0210375132651626,OliveDrab,0
0.4990439602564668,4.482886420353371,DeepSkyBlue,0
0.2617766765874958,3.34260794025913,HotPink,1
0.21457042542371974,6.506894644872783,Coral,1
0.2001783409911202,2.2215557595747453,PapayaWhip,0
0.45204268524539737,9.088111277076074,PaleTurquoise,1
0.9972624040230418,8.294618965218687,MediumPurple,1
0.6678397904889679,7.385864381376293,Yellow,1
0.8913316823538889,8.662258456778133,SeaGreen,0
0.7936963838450027,5.578801706568707,PapayaWhip,0
0.9851325467301932,8.128591062500266,Chocolate,0
0.7903730608077492,1.2365562412743913,GreenYellow,1
0.4674058392916748,9.84710761878507,PeachPuff,0
0.6119483626205209,1.7759393348673944,Orange,1
0.39815998077090853,7.452402386589549,Beige,1
0.5256956548303001,7.922480953372282,Olive,0
0.12532678225919403,3.8532490341443366,Silver,0
0.4499744956629961,7.1209809158462285,AntiqueWhite,1
0.12833461074501384,8.46148355321859,MidnightBlue,0
0.7677816373576567,2.1612966201719974,Lime,0
0.8313908064675414,5.662919196316147,Orange,1
0.16465707989012413,3.9039467603910003,PeachPuff,0
0.34602308234187307,9.468136494383813,WhiteSmoke,1
0.8459337061558656,3.255447780837992,YellowGreen,1
0.1251702951269027,3.7254214549798848,Indigo,0
0.5025731447412627,2.5177231157293614,SlateBlue,0
0.1712006230557923,6.620312686902992,Indigo,1
0.842530004113389,6.072562309881662,LightPink,0
0.08122285489336989,9.536921685733523,PowderBlue,1
0.6511299774855999,7.9026310082468,SlateBlue,1
0.6181084263249575,1.2725730872328764,Black,1
0.6419072893012328,3.718847016591604,Orange,0
0.804688154215733,7.16491757076109,MediumSlateBlue,1
0.45354413295517126,7.197522145056853,PaleGreen,0
0.439605499920411,5.358260170966233,FireBrick,0
0.34019256835177736,2.2930182204637113,SeaGreen,1
0.7341997548045468,8.746996291788928,DarkSalmon,1
0.13076615155238647,4.334861782452622,White,0
0.31911588640315725,5.198253103365728,Bisque,1
0.4495960119956648,2.2678987150736516,OrangeRed,0
0.2902120049699015,4.4573485015144545,Bisque,1
0.2482702803811866,8.78776751548646,DarkBlue,0
0.8134778464394495,9.403763817244643,Pink,1
0.18983410122335975,2.434081707033439,DarkSlateBlue,1
0.49875970839765416,3.7768643384898635,SandyBrown,0
0.09004909504378433,4.539179657019675,Gainsboro,1
0.9666866305524754,2.93629980273617,BurlyWood,1
0.04865813292965593,3.5322070453617553,LightGoldenRodYellow,1
0.28574838144101755,1.0735966535251684,Olive,0
0.4309277693475405,8.942101578267335,MediumOrchid,1
0.7638567641619896,4.293436172658067,HotPink,1
0.0511576873830083,6.056351786493493,SaddleBrown,1
0.5532229266211517,1.6617857476855764,MediumOrchid,1
0.7644041147072396,3.517486098615838,MediumSlateBlue,0
0.12866339068921517,1.8701333742226163,Olive,1
0.7948972283809458,4.051767699573087,LightSeaGreen,1
0.7549651722927939,2.7915209339720497,PeachPuff,1
0.5000779035706439,1.4077301722036726,LightCoral,0
0.7135918463248067,8.235692696747908,Cyan,1
0.14894066457644484,9.038185228702066,SeaShell,0
0.32796584763652625,6.5176130895821025,Azure,0
0.3929545878664831,6.548504387243645,Yellow,1
0.5937246556309868,5.565834875811669,CadetBlue,1
0.7087398064354379,3.6981150826367237,MediumVioletRed,0
0.3683578098657696,7.064257532257149,Ivory,1
0.5837021418487863,8.170793325371324,CornflowerBlue,0
0.5969096159531937,3.389773932871492,BlueViolet,0
0.7214001122963067,6.251709493428759,Black,0
0.524232332624683,7.49064551724212,LightBlue,1
0.14777570830033182,7.12654205545611,Green,0
0.572570271404126,7.3046882002730635,Beige,0
0.018937367506612568,3.823232351012697,DeepSkyBlue,0
0.4129601097889264,2.8350251443192107,LawnGreen,1
0.8728177089123204,7.622535441418132,DarkSalmon,0
0.7057752321517652,5.668148904041017,Sienna,1
0.9981228684054821,5.30533885009061,DarkOrange,1
0.31375259873781713,2.5586418147159495,IndianRed,1
0.5462732192448302,7.082817189007312,SeaGreen,1
0.6100765800787515,2.7303775222304205,LightCyan,0
0.2790063959217567,3.6864924507126458,NavajoWhite,1
0.7711742690876434,7.344108431529254,FireBrick,1
0.31704074501844803,4.1392285678117595,DarkOrange,1
0.2877893754979528,6.161291234862806,DodgerBlue,1
0.8957604615402261,4.550792100767769,Magenta,1
0.9546088633914613,8.241542505609132,DarkMagenta,1
0.042066486832725514,9.597823459113178,Bisque,0
0.3463635140956165,4.981385006783519,Magenta,1
0.7473384997180049,2.9258812726930676,OldLace,1
0.9330239337833077,7.265541705821404,Orchid,0
0.10922658157108,7.668018790196437,Gray,0
0.2424580384102868,7.028505684037936,Crimson,0
0.6379445734086376,1.4724199615551652,LemonChiffon,1
0.3302936234873388,5.251635163313926,DarkKhaki,0
0.00518144640713003,5.95317309201655,LimeGreen,0
0.40690745154688346,9.415288887365364,DarkOrchid,1
0.4774485204408965,2.795103772008415,BlueViolet,1
0.3211677021191667,6.813081261012429,MediumTurquoise,0
0.6522987304190796,3.089981792989153,White,0
0.9132297256698525,2.5755829793286678,Pink,0
0.9339226105782003,1.3270586429129996,NavajoWhite,1
0.7879606298758379,2.6768046873024,CornflowerBlue,1
0.8767431679179234,1.083404516320898,Tan,0
0.9284548460170171,4.015379023261777,MediumSpringGreen,1
0.9890994700887233,5.8897043520127745,Aquamarine,1
0.8892599637699165,2.2077995140816093,PeachPuff,1
0.27283708149799246,8.27932490418718,SlateGray,1
0.16249426253973864,5.130230239291251,DarkMagenta,1
0.7185981734558871,1.1267577605661827,Plum,1
0.7907676644252557,6.110031001788454,MistyRose,0
0.17549491383846472,8.70531853846112,Salmon,1
0.8269898252763096,5.637525930638163,DeepSkyBlue,0
0.4008332466278661,1.8584659521507527,PowderBlue,0
0.47745409848989295,9.422428483012496,Fuchsia,0
0.26078527706544385,3.119691275213805,Turquoise,1
0.9540348226549126,3.7175125572245324,LightPink,0
0.26155315081539277,4.235968815050403,WhiteSmoke,0
0.062124331800536114,2.064023630235753,SkyBlue,1
0.15971682522756314,7.174662579019994,SeaGreen,1
0.6902903774188142,6.74840192679445,PowderBlue,1
0.3675439031021702,2.987643159718494,LightGreen,0
0.47818189973522396,5.094808054936032,MediumBlue,1
0.41584561543122467,5.943110579365283,LemonChiffon,1
0.757350523304326,8.21795492602028,DarkCyan,0
0.7618596199711071,7.123077279274582,LightSeaGreen,0
0.5255066562201677,5.75355811665874,RoyalBlue,1
0.07810272214744018,6.077518500461274,LemonChiffon,0
0.8287740539584252,9.125993442158277,SandyBrown,0
0.5727016742278647,2.3486714324417286,Olive,1
0.8544860073949511,4.976564973936678,MediumSlateBlue,0
0.71691796618065,5.399451701480707,Black,1
0.8086920831772372,5.080890701618038,Snow,1
0.45679847571187604,1.5196310283927228,MediumOrchid,1
0.6727677122273694,3.773526076298361,Gainsboro,0
0.3959487099532575,8.348079033398175,SlateBlue,0
0.5783112650590354,1.407608224550459,HotPink,1
0.7003848780971759,5.87047153671915,MidnightBlue,0
0.9345827988849464,1.6211723154428241,LightGoldenRodYellow,1
0.031734871023079037,4.679802422373235,MediumSpringGreen,0
0.7658276829237117,9.804999564316908,LightSeaGreen,1
0.37446092063826764,9.022002446966741,LightSalmon,1
0.8696202853107085,9.160905803721153,Aqua,1
0.08024999262936672,9.677299387426174,Tomato,0
0.653534098418702,4.129928984252352,Gold,0
0.992846776077587,4.537527686056367,DarkBlue,0
0.7278581409061281,3.004211943696398,LawnGreen,0
0.7561794148589321,9.806416144112251,PaleTurquoise,1
0.6734998577765671,5.900008051225187,SlateGray,1
0.8233604373757843,3.22760834653398,LawnGreen,1
0.1551213732037673,2.6963240611306816,Sienna,0
0.03221731490998103,6.941779172220568,SlateGray,0
0.24066629414321195,1.6056181260054583,RosyBrown,0
0.44644106624860236,7.048212731849971,Azure,0
0.24473415121839248,1.3981305705039804,DarkGoldenRod,1
0.23433927848756164,2.9554228915979808,LightYellow,0
0.1401355751149046,9.941350971187434,Indigo,0
0.8157862567633168,7.583657348044165,PaleGreen,1
0.577474814637882,7.952843912339113,LemonChiffon,1
0.23690403477672062,8.886324899564265,Linen,0
0.4135602064468037,3.4763852845774488,NavajoWhite,0
0.62599313764833,4.844805240650891,Sienna,1
0.04688409695245499,4.099733467953485,Wheat,1
0.785804595980518,3.86861011584681,MediumTurquoise,1
0.40825917682958845,3.69899644991861,Peru,0
0.7544160972381253,5.26166938370998,MediumPurple,0
0.3007364187951478,7.36819117739175,MidnightBlue,1
0.9147411738159055,6.0614735462821825,SaddleBrown,1
0.5572867581992731,2.206834759531702,LightPink,0
0.2549956456075365,3.9723669426169446,Linen,0
0.9222261045112223,8.624200473276506,LightCoral,0
0.5356355363472156,8.46465656693529,Lavender,0
0.2684615878549812,7.063047285711207,DarkOrchid,0
0.8736204584895396,2.693469645394798,GoldenRod,0
0.4793942064709148,8.82526466372084,Maroon,1
0.30318802563115765,9.180947446361209,DarkOrchid,0
0.9371597632022477,9.65869800503013,WhiteSmoke,0
0.7468792274562418,7.788976686524508,GhostWhite,0
0.6956262857049818,7.333917244081334,GoldenRod,1
0.9151264595935564,5.9687136329303305,IndianRed,1
0.38066174437292255,5.8028511467463675,SkyBlue,1
0.3084222842869283,4.236801561827576,LightSalmon,1
0.46600406690395046,8.22534959638019,Violet,1
0.7616289693097112,3.8820995630992536,LightSkyBlue,0
0.37070492143125844,4.725371535207621,DarkGreen,0
0.741252378716489,1.1459791090113443,GoldenRod,1
0.2951922875077382,2.765726044541504,LightYellow,0
0.37983977474115416,8.500264437582867,Khaki,1
0.5506425325170752,9.491180905428674,MistyRose,1
0.2573267576348828,8.394327457231206,Fuchsia,1
0.46082899844820524,7.594950133225169,LimeGreen,1
0.16926571086018172,7.482821776858843,Aquamarine,1
0.1840477728612675,9.004280767435072,White,0
0.5239444154040794,8.551616442354593,DarkSalmon,0
0.9451881112008982,7.013939890538375,LightSalmon,0
0.4123922224155927,8.582902451428136,Brown,0
0.06796794166542264,2.359266818182715,CadetBlue,0
0.5057329196930651,4.358806234181307,LightSteelBlue,1
0.6592843419898627,1.1415859018229777,DarkSalmon,1
0.011850968127892436,5.764758821574856,SlateGray,1
0.5357381029239248,3.5801968287995707,DarkKhaki,1
0.8061676989474289,9.187960293988896,Aquamarine,0
0.9180488444590112,5.719468611032347,LightSkyBlue,0
0.1919320569916132,5.738103868601946,SeaShell,1
0.2673247366766358,4.572067802482643,Silver,1
0.9592977941485301,5.130979709960666,Purple,0
0.9902330316397273,3.0327152736467995,MediumSpringGreen,0
0.6537357195591531,8.723972431190685,GhostWhite,0
0.09350050542710941,4.413376200158343,CadetBlue,1
0.0561149391289657,1.0850515538871757,LightCoral,0
0.08268612250580176,8.607968150862952,Silver,1
0.565856627951035,8.721642820273026,DarkOrange,0
0.8947912121426997,9.272369938961907,Coral,0
0.21141705588454718,8.813052015234451,PaleGoldenRod,1
0.27109505270840195,9.317433399477098,SlateGray,1
0.8993116508650086,6.0715887764318515,Cornsilk,0
0.17935450322006907,8.65384840093823,CadetBlue,0
0.9614691898760058,6.283324936760395,DeepPink,1
0.9288749402533284,3.6934920062277627,DeepPink,0
0.5666959198910784,8.644981827604841,LimeGreen,1
0.3838462140829061,7.657706538286472,DarkBlue,0
0.5007928516377251,9.768909946923968,LightBlue,0
0.09768578735804745,3.089296039552032,DarkOrchid,0
0.34059274647510596,7.921050880288981,PapayaWhip,1
0.968920527201555,3.9373898228006876,Ivory,1
0.7835481389804622,5.054951752837233,Turquoise,0
0.3558111977058479,9.470285604736528,Olive,1
0.185737845895401,6.272876090899461,RoyalBlue,1
0.08569411763673573,6.567543012338991,Red,0
0.7131085326783857,1.738342087058337,Lime,0
0.3799999930834558,8.055012536832004,Pink,0
0.7396552889765946,3.8501040581338257,Linen,0
0.09152042869623911,9.486642046082071,Chocolate,1
0.3599174973468966,3.427897989154478,DarkGreen,0
0.0872972323551161,4.8788156437843515,HoneyDew,1
0.10329292734162432,1.8065695776434874,HotPink,0
0.5969245552870913,8.059948518275267,LightGray,1
0.012340614883954437,4.724290627913147,Cyan,0
0.7248438440347913,6.035828911862284,DimGray,0
0.5719604307495395,2.5262463105309294,LawnGreen,1
0.16950174524515904,3.420270671771328,ForestGreen,1
0.4931239422107847,1.5694043524925896,Crimson,1
0.2759618716024036,3.697770285294069,DimGray,0
0.36112491228952803,9.498000660682548,AliceBlue,1
0.5938063980390786,2.7599340239223444,PaleTurquoise,0
0.13548952568067607,1.0609063248292436,RoyalBlue,1
0.33221721531162696,6.581729690872204,SeaShell,1
0.4402229214812533,4.87554598852455,LightSteelBlue,0
0.3004352846791234,6.428901415508317,BlanchedAlmond,0
0.47900974239545524,2.598735441872266,Lavender,1
0.9687252217466955,3.623033364220479,LightSlateGray,1
0.9677630854836052,8.037769326432187,LightSkyBlue,1
0.3760553023241471,8.348450638896217,SaddleBrown,1
0.3650155373952375,9.388604373296012,Cornsilk,0
0.5922270342503855,5.910661769057399,Lavender,0
0.953004611486296,5.154600005498336,LightGray,0
0.4384549543089086,3.621980871867658,Gray,0
0.8189655680044585,8.16091152396359,Peru,1
0.6729776523955405,2.2526121042670635,DarkOrange,1
0.24202116767079884,6.927966716790863,YellowGreen,1
0.7890767632200629,1.665686220240596,Ivory,1
0.582244019216337,5.809306610819054,DeepPink,1
0.5436452033874777,8.116488253443332,LightGreen,1
0.701634287055593,8.310672781110956,DarkTurquoise,0
0.10936942524428694,3.2340787196041254,Cornsilk,1
0.16633849328011152,6.514101120819674,Chocolate,1
0.9668111335686056,3.984370318736515,FireBrick,1
0.10594455160608718,1.8874590272355476,Linen,0
0.5106762405250447,5.669179901644146,LightSlateGray,0
0.44577855150490675,4.520207518097525,Purple,0
0.3449673875995183,1.221063877231924,DarkRed,0
0.2954322205184059,9.284927902039518,SeaGreen,0
0.11606933795897467,9.466085423315738,LimeGreen,0
0.34832865232147525,4.087600127592635,PaleGreen,0
0.5211148298004716,4.134702669720819,LightPink,0
0.4381659382730271,7.270869389712995,SteelBlue,1
0.06717434004145917,1.40214747407789,Yellow,0
0.02258511520311235,4.087701528010735,Snow,0
0.677139332890884,2.4791868356563294,Purple,0
0.5159939018968733,5.96719260842518,Cyan,1
0.5598489524898631,9.626163595605547,BlueViolet,0
0.7977557883042651,6.667842869908109,Plum,0
0.6404788766600781,4.889210071863543,MediumBlue,0
0.7373883695461372,8.947876369773745,LightCoral,1
0.5922031583603683,4.499522023201363,Bisque,0
0.20578447936732192,7.770929458244424,DarkGoldenRod,0
0.5773479052018526,8.195521211980388,Khaki,0
0.3657930294125148,2.7736684763279094,Beige,0
0.2623533954523609,8.763728927115766,LightGreen,1
0.5969708292829935,6.501775790251017,BlueViolet,0
0.3479246374367544,8.609660224026033,ForestGreen,0
0.8137382542609338,7.353895248513821,SeaShell,1
0.9186825798040964,6.311515284797308,Tomato,0
0.31318574486569795,3.147154537949115,Red,0
0.1830445183314835,7.2409288754480094,LightSeaGreen,1
0.4182391062112586,2.2408056868110173,Gainsboro,1
0.4230387820732123,5.38003194123145,PowderBlue,0
0.5549125758324974,5.40677823572988,SlateGray,0
0.18709857996240264,8.577866927228932,DarkGoldenRod,0
0.8655222308564123,9.566577554391703,SeaShell,1
0.1365347146624959,8.336943465884756,MediumVioletRed,1
0.40913434836787477,5.4255329202165745,PaleTurquoise,1
0.48869951193968564,1.744035632078202,MediumSeaGreen,0
0.7958808896024273,2.984765556669304,MediumBlue,0
0.274852918273534,5.838477563843375,DarkKhaki,0
0.7807401974299653,6.090854150672735,DodgerBlue,1
0.5497261845380513,2.0188989576282084,MediumPurple,0
0.2678889093929009,5.887955638837406,PaleVioletRed,1
0.5420433791176298,7.8110761819369685,Snow,1
0.5463532747219646,9.907981550890149,LightSlateGray,0
0.735988697633674,6.88304532142065,PaleGoldenRod,0
0.29770893510289365,9.99381402351017,Blue,1
0.26281522474122765,8.75979662947772,SaddleBrown,0
0.43906990338333296,9.945619158867554,DarkCyan,0
0.20987816758977407,7.638516838038824,Maroon,1
0.8610486962702419,6.492356223575292,LightCoral,1
0.1659816176902592,2.2531146933409847,MediumBlue,0
0.8135298654954337,8.248964440332506,DarkOrange,1
0.5322807973704116,6.371719172961391,PaleGreen,0
0.32365361585468166,7.336483855796697,Thistle,1
0.5727355798135926,9.571576108948525,AliceBlue,0
0.13558890642800914,7.750847228402043,Yellow,1
0.9187687118298253,9.93237603080207,SandyBrown,0
0.7014265273964315,2.19421770607751,PaleVioletRed,0
0.711394848839169,8.456336224287693,CadetBlue,1
0.48945872591563777,6.196829763737453,Gold,1
0.627812820778974,4.376550950616043,Tomato,0
0.6336277633502977,8.921125731765912,MistyRose,0
0.40285077330182095,7.74822144585871,SpringGreen,1
0.45469564907442084,5.3924003239393485,Red,0
0.8689077628712004,8.624505934078368,CadetBlue,0
0.730931937487053,5.126043310117459,GreenYellow,1
0.850106239790698,8.161101339830608,LightGreen,1
0.21782993501520587,4.866787906167126,DarkSeaGreen,0
0.4947149475554886,3.9057863463095766,LightSlateGray,1
0.33775515517078736,6.201402762348564,Purple,1
0.7883036534766824,9.047391922347003,SlateBlue,0
0.04594292565863378,6.635615699403046,DarkRed,1
0.016281352372744418,9.364895878127697,Black,0
0.4412859488764266,1.0060833836089378,LawnGreen,1
0.20231820639739972,7.197326937203593,DimGray,0
0.8821477640419989,3.7167895393878,Magenta,1
0.0933399845256504,4.2439184505753484,Aquamarine,0
0.37184376764676574,9.134202419520921,PaleTurquoise,0
0.05178727504865499,6.630438467484587,DarkGoldenRod,0
0.4292309407553466,1.8207926849520382,Ivory,0
0.001086303691723689,5.2912603743482265,DarkOrange,0
0.5936794968410645,5.674998291729722,SandyBrown,1
0.009286947608460161,7.260373965592438,DarkOrchid,0
0.988154909464272,4.800825403975539,DeepSkyBlue,0
0.47770024143776524,3.0605218071313893,SpringGreen,0
0.730763381763971,1.9218445340455599,LightSteelBlue,1
0.36756168962261815,3.6932979467076335,Teal,1
0.7734604836506241,7.778420208919612,LightPink,0
0.6415761485169839,7.0942337012713965,PapayaWhip,0
0.530508276546681,1.0762726775770861,SkyBlue,0
0.44009942077985187,7.5018882372789015,SeaShell,0
0.9198941246547542,6.544684113406356,LemonChiffon,1
0.85996252460215,1.7801923011938967,SaddleBrown,0
0.1400131415757957,2.108415002421775,DarkViolet,1
0.35153564038312957,4.864498673606909,OliveDrab,0
0.24778637496357891,6.801585113691079,Gold,0
0.5533966317847301,6.400070805032676,Teal,1
0.7789696525132599,7.214284675131884,DarkSlateBlue,1
0.20544571815244195,6.462341827047639,CornflowerBlue,0
0.7478436409812496,3.6598784611786,LightSalmon,0
0.7838015995764177,8.144002285540427,PapayaWhip,0
0.49488771994326686,2.0146929634342765,MediumSpringGreen,1
0.6380823298836482,1.6391080152584492,Tan,0
0.9868825328431889,9.405319615067942,LightGreen,0
0.3868382488251775,8.550759726132627,AliceBlue,1
0.3654124628480987,7.146478441021835,LightSkyBlue,1
0.9544529839408864,7.933303443021525,Lime,0
0.5873634969259245,1.1241408315276167,SlateGray,0
0.03982686193718976,1.5442197362938512,DeepPink,1
0.506610604274927,6.657136264545184,RosyBrown,1
0.42357523517169526,4.620496695800499,WhiteSmoke,0
0.2774677357345601,3.7891619705497774,SkyBlue,0
0.9743133843545622,2.3983941810392704,MediumTurquoise,1
0.3907315029683497,6.70864822617931,MediumSeaGreen,0
0.3101694933971455,4.937374387455176,YellowGreen,0
0.05790594402313043,1.7759151855234039,OldLace,1
0.11598658154436825,6.510671149786499,SaddleBrown,0
0.3092900638735262,7.675241581517988,MediumBlue,0
0.11944300690788745,7.371105464062885,Gold,0
0.16383263093540756,9.577145815792278,LawnGreen,1
0.16696295419238083,2.1423754673301234,OliveDrab,1
0.7329358375550415,2.062510482541267,Lavender,0
0.3350110263161945,4.863921124099383,PaleVioletRed,0
0.26294965082647825,9.775455290003604,Brown,0
0.4961475689351392,5.597036914833747,MediumAquaMarine,0
0.49961000576138326,6.101975154146048,Sienna,1
0.15730998110112604,7.959960579321862,Olive,0
0.22840442315325105,5.579423964195821,OliveDrab,0
0.8586890091220177,1.1105926573348273,DeepPink,0
0.47176458957773815,4.446815269306592,Snow,0
0.17896093376845168,9.643079308549812,Blue,0
0.5528647884958645,9.225529025690161,DarkSalmon,1
0.2245153138175756,3.2343686502151887,SteelBlue,1
0.27125795800981667,1.7009836297022076,MediumPurple,1
0.1194009296748112,7.059931450467326,DarkGreen,0
0.17934435027230566,8.23904217512881,Purple,0
0.9540794074604276,1.6203379399547058,DarkGreen,1
0.8660322299771522,7.9617473155529686,Violet,1
0.3273009217261189,5.977822557916609,SaddleBrown,0
0.36891935915254914,3.6243558159042935,Aquamarine,1
0.7395759867334181,3.1832559419821216,DarkTurquoise,1
0.5916909349848162,5.440246082693964,PaleTurquoise,0
0.7324633367392666,5.919033183487802,DeepSkyBlue,0
0.15056637679321971,9.391577792840637,Crimson,0
0.23299774185974298,4.117813279654656,SeaShell,0
0.9509902621434433,1.0131583648201996,LightGray,1
0.8490059877789218,7.5449353513687525,MediumSlateBlue,0
0.2051943729058987,9.848041677054079,Orchid,1
0.4920288768498976,1.5390556808787066,Cyan,0
0.7116524747001027,1.837239745222794,MediumPurple,0
0.8972874719314592,5.677832966428333,White,1
0.45845802854414863,7.73109458956213,Olive,0
0.5054277638607758,6.734941120294228,MediumAquaMarine,1
0.07483048432987749,6.110386554602874,SlateBlue,1
0.662443928153949,2.1763745779614565,Yellow,1
0.26099093892361,3.8350802386878247,Blue,1
0.7007256063215421,7.618175819041312,CornflowerBlue,1
0.45275785231557386,3.102501039744815,LavenderBlush,0
0.13611184641671903,7.931319581436904,LightSlateGray,0
0.1554105513219367,2.4793748262979136,Khaki,1
0.3140332878121178,2.0866306336471503,DarkGoldenRod,1
0.9646347222502287,2.868726030493182,PowderBlue,1
0.46334659505641396,8.672339670950338,DarkGreen,0
0.1576153770655162,7.174493586554637,DarkGreen,0
0.2150207894736882,8.709159440920821,Red,0
0.09121290379134861,3.2339691051512958,FireBrick,1
0.3962444626797711,1.4405555583138048,Lime,1
0.2601667927212239,9.916089583671164,Black,0
0.952096606823744,8.691411741598028,Brown,0
0.09472527699204714,1.9171661379566092,MediumOrchid,0
0.12145325550404873,1.555022660444311,Chartreuse,0
0.13071523754397796,8.413060736695202,LightYellow,1
0.6862852620355602,9.43817408235494,MintCream,0
0.5823238014140631,3.3293858711187325,Navy,0
0.021800182738612728,1.5802483244221879,Plum,1
0.8092986652910079,1.8278077479131645,DarkViolet,1
0.12252765925747389,9.480525949217038,LemonChiffon,0
0.16798920872905643,6.164957798260505,Wheat,1
0.4961263912132553,4.444564947105319,PaleVioletRed,1
0.17280721183078918,2.93244495373024,Gainsboro,0
0.2749817690242421,5.0141028758199075,FloralWhite,0
0.03464944373150591,6.572588939613063,ForestGreen,0
0.6472784004740801,5.490024489968492,Cyan,1
0.06097906893284277,3.5179838869507423,Olive,0
0.41923482119633104,6.783872730745916,LawnGreen,0
0.6307543888247554,8.219512744940147,SpringGreen,0
0.9894036157615339,8.037241901608825,DarkTurquoise,1
0.4796844388881162,8.032915952519442,Lavender,1
0.912677016598367,5.521539299893675,SandyBrown,1
0.27043568476897384,1.2345667099200046,LightCyan,0
0.029303460536634685,8.29620429133508,Salmon,1
0.05859123027811852,9.923781910875137,LightCyan,1
0.7668421684502729,9.996451721302115,Aqua,0
0.10013433730495758,6.911779792386108,SeaGreen,1
0.5336895645878103,8.121134908909614,LightSlateGray,0
0.764049723717511,9.530222303976895,YellowGreen,1
0.35480463456515987,8.553000270753184,DimGray,0
0.17610036757999004,6.332675582632715,Cornsilk,1
0.9139800041285343,1.2538591275444317,Red,1
0.9475587350700152,6.072458381048743,MediumTurquoise,0
0.836696840733336,8.293610468019821,Lime,1
0.5421246015209933,2.580010908945857,Peru,0
0.09025737685090285,3.0936102227491515,LightCoral,0
0.0199279898885526,5.301900893495615,SaddleBrown,1
0.9178961859206465,2.81317945016927,LimeGreen,0
0.3407590442667725,2.5971388538854345,Gray,1
0.05955596284503406,2.329408170875032,OliveDrab,0
0.774366498819892,8.618327988212211,SkyBlue,1
0.9605587502757579,4.362317020750359,DarkMagenta,1
0.5860166631715906,4.029049640267241,LavenderBlush,1
0.13645166885749005,2.4175349741516126,Olive,1
0.7918425249998717,9.645958903318643,MintCream,1
0.17420267095553066,9.71868606699851,LightYellow,1
0.22323721398064245,6.300551402047932,LightYellow,0
0.37838410814719814,7.605954760286853,Beige,1
0.1273483647235355,7.559478603423991,Orchid,1
0.8507569655350083,7.9374735332031205,LightSalmon,0
0.18208175601354737,3.8639522067408554,Aqua,0
0.6396467727836239,1.9369920971258732,BurlyWood,1
0.14064336814856837,7.708089952917842,SpringGreen,0
0.34681012468322847,3.8756681122704344,LightSlateGray,0
0.8216618054283098,7.030221140026481,Khaki,1
0.44662993409779383,3.3869119650658854,MidnightBlue,0
0.6931760763212649,4.154330457075845,Indigo,0
0.7204135879969683,1.433327119599535,Gold,1
0.7325844944987686,9.721916425951166,LightCoral,1
0.4930819934738476,4.408413172968331,DarkSlateGray,1
0.10142855963712161,5.315403253574445,DarkGray,0
0.16265651174848839,1.6633845060523678,BlueViolet,0
0.29490861311613015,3.868452171609918,Magenta,0
0.07420040176665932,2.530946828360716,Purple,1
0.16090449491132108,1.67502178939742,BlanchedAlmond,0
